"bus-cycles","branch-instructions","cache-references","node-loads","branch-misses","node-stores","cache-misses","instructions","L1-icache-load-misses","branch-loads","LLC-load-misses","L1-dcache-loads","LLC-loads","L1-dcache-stores","L1-dcache-load-misses","iTLB-load-misses","class"
"22647","91458","12629","2158","4081","118","4092","472215","6411","91813","1997","138522","4279","76184","9511","240","worm"
"19995","87135","11649","1472","4062","66","3087","449031","6634","90802","1786","136075","4665","75204","9468","227","worm"
"21148","94320","14655","2150","5967","169","3286","491382","7010","135159","2440","176985","7009","114112","13262","494","worm"
"17451","78908","9339","1279","3721","32","2611","408650","4939","77882","1373","117831","3219","63872","7554","146","worm"
"53920","190710","29813","3258","10819","275","9281","974580","18751","198238","3214","306930","9319","163322","20348","766","worm"
"23907","89214","18487","1322","4073","214","3601","482878","11481","90747","1063","141958","4324","93144","11024","366","worm"
"20548","89127","12039","1541","4441","63","3226","459516","5909","88157","2177","132912","4020","72806","8672","218","worm"
"20405","81840","12487","1525","4422","48","3162","432927","6058","82700","2319","128588","4521","77275","9935","227","worm"
"3088","12432","1844","286","611","15","511","65024","854","12700","393","19239","696","11412","1441","32","worm"
"322845","1617179","161776","11942","28871","9265","26328","8627004","87982","1449929","14374","2334465","57245","1738074","245743","5099","worm"
"265318","1336983","134674","11785","22830","7731","23022","7115118","70502","1193369","14965","1903840","51366","1395590","206605","4556","worm"
"208364","1059966","106919","9801","16935","5521","17927","5557826","69545","1277461","13897","1994389","52059","1430989","222232","4829","worm"
"319187","1665845","174453","12787","26133","8480","23693","8743523","58133","1072044","11314","1669327","42996","1218163","187057","3974","worm"
"332514","1746161","185789","12165","27473","9121","23434","9185466","75443","1464836","12212","2264355","55816","1656177","259310","5447","worm"
"394972","2137476","217798","13859","32432","11029","27069","11000000","91952","1789117","11398","2749146","66607","2033720","321201","6832","worm"
"384156","2101299","210528","13429","31033","10556","26066","11000000","124217","2488598","12935","3818362","87106","2840695","445190","9412","worm"
"370049","2019564","199508","13803","29816","10024","25998","11000000","158587","3187904","15711","4903025","109620","3642560","568428","12074","worm"
"393235","2193545","213958","14439","31486","10156","26726","11000000","173964","3432235","16756","5279069","119370","3918423","612882","13048","worm"
"431721","2892119","208903","13970","31273","9615","25601","15000000","188561","3674843","17654","5650175","128541","4196872","656797","14064","worm"
"474656","3764391","193793","13335","30345","8947","24185","19000000","204362","4000270","18591","6149384","139236","4563296","715456","15321","worm"
"512849","4236827","198952","13755","31306","8952","24632","21000000","211137","4097325","19460","6298577","143666","4669344","731692","15680","worm"
"544919","4873560","189759","13321","30889","8456","23643","25000000","220934","4265560","20135","6558222","149966","4861614","761558","16283","worm"
"574473","5489570","178956","12718","30258","7950","22436","28000000","229765","4413630","20480","6785317","155443","5027995","787731","16896","worm"
"595802","5981444","168759","12084","29533","7485","21243","30000000","234068","4484869","20875","6896797","158501","5108455","801012","17172","worm"
"618700","6438707","159813","11780","28902","7072","20446","32000000","238942","4565771","21003","7019810","161478","5200863","815279","17553","worm"
"633769","6786055","151980","11393","28296","6709","19628","34000000","247904","4731894","21070","7274040","167290","5388506","845027","18245","worm"
"646492","7093522","145157","10874","27729","6375","18711","35000000","253577","4835974","21051","7434638","171055","5507899","863205","18624","worm"
"658939","7388975","138958","10385","27228","6072","17857","37000000","258406","4934542","20883","7585275","174157","5621191","880780","18979","worm"
"672662","7696062","132930","9958","26812","5797","17102","38000000","264484","5043532","20703","7751382","177857","5741852","900306","19451","worm"
"687508","8012931","127204","9562","26466","5546","16399","40000000","255116","5389597","19958","8510355","171614","5881886","868772","18742","worm"
"700639","8297730","121967","9189","26149","5316","15744","41000000","244641","5757128","19199","9318113","164599","6031238","835291","17966","worm"
"711191","8541672","117121","8842","25828","5103","15137","42000000","234984","6111188","18544","10000000","158170","6179243","804488","17252","worm"
"720288","8757886","112652","8520","25522","4908","14576","44000000","225964","6440178","17956","11000000","152220","6317196","773704","16588","worm"
"728767","8960480","108505","8219","25241","4727","14051","45000000","217605","6744399","17443","11000000","146740","6444654","746048","15974","worm"
"736476","9146651","104652","7935","24976","4558","13561","45000000","209840","7029905","16970","12000000","141654","6565019","719772","15404","worm"
"744042","9324497","101071","7679","24737","4402","13112","46000000","202611","7291568","16493","13000000","136884","6674336","695102","14872","worm"
"751037","9488297","97745","7445","24513","4255","12699","47000000","195874","7538293","16034","13000000","132421","6778029","672089","14377","worm"
"757495","9640379","94613","7216","24299","4119","12301","48000000","189562","7767303","15597","14000000","128234","6873841","650508","13913","worm"
"763389","9783186","91676","7001","24098","3990","11929","49000000","183645","7989880","15156","14000000","124278","6968904","630351","13479","worm"
"769167","9919689","88919","6800","23913","3870","11579","49000000","178083","8199584","14735","15000000","120554","7058608","611307","13070","worm"
"774709","10000000","86326","6612","23739","3756","11252","50000000","172848","8470188","14332","15000000","117042","7191809","593379","12686","worm"
"779838","10000000","83882","6434","23575","3649","10942","50000000","167915","8666026","13933","16000000","113714","7277934","578762","12323","worm"
"784971","10000000","81588","6279","23423","3548","10664","51000000","163252","8853425","13550","16000000","110562","7360866","565394","11981","worm"
"789322","10000000","79417","6132","23271","3453","10400","52000000","158842","9022847","13202","16000000","107594","7434101","552473","11657","worm"
"794282","10000000","77379","6015","23140","3362","10172","52000000","154666","9478769","12874","17000000","104786","7700195","539730","11350","worm"
"799721","11000000","75409","5868","23041","3276","9919","53000000","150702","9628391","12549","18000000","102107","7764247","526094","11059","worm"
"804909","11000000","73527","5722","22948","3195","9672","53000000","146937","9771794","12244","18000000","99565","7825931","514151","10783","worm"
"809760","11000000","71740","5584","22856","3117","9438","54000000","143356","9902141","11966","18000000","97159","7880573","501670","10520","worm"
"814519","11000000","70037","5451","22774","3042","9213","54000000","139944","10000000","11685","19000000","94852","7935792","490651","10269","worm"
"819090","11000000","68413","5325","22709","2972","8999","55000000","136691","10000000","11427","19000000","92662","7987515","479270","10031","worm"
"823305","11000000","66865","5205","22644","2904","8796","55000000","133590","10000000","11182","19000000","90575","8104041","468412","9803","worm"
"827492","11000000","65381","5089","22585","2840","8601","56000000","130623","10000000","10938","20000000","88570","8150819","458027","9585","worm"
"831386","11000000","63964","4980","22525","2778","8416","56000000","127787","11000000","10708","20000000","86655","8196974","448095","9377","worm"
"835142","11000000","62607","4875","22469","2719","8237","57000000","125070","11000000","10494","20000000","84827","8237296","438590","9177","worm"
"838625","12000000","61313","4775","22415","2662","8069","57000000","122466","11000000","10280","20000000","83067","8279978","430262","8986","worm"
"842140","12000000","60065","4677","22364","2608","7904","58000000","119968","11000000","10074","20000000","81378","8318257","421500","8803","worm"
"845534","12000000","58868","4584","22317","2556","7746","58000000","117573","11000000","9929","21000000","79809","8349383","413247","8627","worm"
"848601","12000000","57716","4494","22267","2506","7595","58000000","115269","11000000","9758","21000000","78269","8396453","405180","8457","worm"
"851741","12000000","56608","4408","22223","2458","7449","59000000","113054","11000000","9576","21000000","76772","8430895","397431","8295","worm"
"854764","12000000","55542","4325","22181","2411","7308","59000000","110922","11000000","9399","21000000","75329","8464539","389946","8138","worm"
"857673","12000000","54515","4245","22140","2367","7173","60000000","108875","11000000","9228","21000000","73942","8496785","383621","7988","worm"
"860478","12000000","53533","4172","22101","2324","7047","60000000","106896","11000000","9062","21000000","72601","8527026","376658","7842","worm"
"863086","12000000","52579","4097","22061","2282","6921","60000000","104989","11000000","8901","22000000","71307","8557492","369945","7702","worm"
"865602","12000000","51660","4026","22023","2242","6800","61000000","103149","12000000","8754","22000000","70067","8583994","364556","7567","worm"
"868129","12000000","50772","3956","21988","2203","6683","61000000","101372","12000000","8625","22000000","68883","8610178","358959","7437","worm"
"870558","12000000","49913","3889","21954","2166","6569","61000000","99656","12000000","8507","22000000","67746","8630542","353548","7311","worm"
"872913","12000000","49083","3824","21921","2130","6460","61000000","97998","12000000","8432","22000000","66686","8648580","347732","7189","worm"
"875191","12000000","48280","3762","21889","2095","6354","62000000","96395","12000000","8389","22000000","65690","8662654","342141","7071","worm"
"877394","13000000","47503","3701","21859","2061","6252","62000000","94842","12000000","8284","22000000","64662","8684628","337014","6957","worm"
"879528","13000000","46750","3642","21829","2028","6152","62000000","93339","12000000","8202","22000000","63687","8702533","332166","6847","worm"
"881578","13000000","46021","3586","21799","1997","6056","63000000","91886","12000000","8149","23000000","62770","8725794","327072","6740","worm"
"883582","13000000","45314","3530","21771","1966","5963","63000000","90475","12000000","8058","23000000","61841","8759872","322979","6636","worm"
"885428","13000000","44629","3477","21741","1936","5873","63000000","89107","12000000","7984","23000000","60954","8774787","318144","6536","worm"
"887215","13000000","43966","3425","21712","1907","5785","63000000","87783","12000000","7984","23000000","60168","8931762","313532","6438","worm"
"889052","13000000","43321","3375","21687","1879","5700","63000000","86494","12000000","7944","24000000","59362","8985680","309065","6343","worm"
"890841","13000000","42695","3326","21662","1852","5617","64000000","85242","12000000","7884","24000000","58558","8996579","304647","6251","worm"
"892549","13000000","42087","3278","21637","1826","5537","64000000","84031","12000000","7851","24000000","57804","9006232","300389","6162","worm"
"894210","13000000","41496","3232","21612","1800","5459","64000000","82852","12000000","7836","24000000","57087","9015507","296261","6075","worm"
"895824","13000000","40921","3187","21589","1775","5383","64000000","81704","12000000","7801","24000000","56370","9025761","292226","5991","worm"
"897391","13000000","40362","3144","21566","1751","5310","64000000","80587","12000000","7756","24000000","55661","9037211","288298","5909","worm"
"898938","13000000","39819","3101","21545","1727","5238","65000000","79503","13000000","7740","24000000","55003","9080951","284510","5829","worm"
"900443","13000000","39289","3060","21524","1704","5168","65000000","78451","13000000","7753","24000000","54390","9131697","280844","5752","worm"
"901816","13000000","38774","3020","21502","1681","5100","65000000","77425","13000000","7823","24000000","53849","9135943","277332","5676","worm"
"903182","13000000","38272","2980","21481","1660","5034","65000000","76429","13000000","7980","24000000","53413","9135355","274039","5603","worm"
"904554","13000000","37783","2942","21459","1638","4969","65000000","75461","13000000","8064","24000000","52919","9140866","270733","5531","worm"
"905840","13000000","37307","2905","21437","1618","4907","65000000","74512","13000000","8105","24000000","52394","9145306","267456","5461","worm"
"907166","13000000","36845","2870","21419","1597","4847","66000000","73582","13000000","8013","24000000","51749","9158510","264128","5393","worm"
"908469","13000000","36392","2835","21402","1578","4787","66000000","72675","13000000","7917","25000000","51115","9171595","260880","5327","worm"
"909729","13000000","35949","2800","21384","1558","4729","66000000","71790","13000000","7823","25000000","50495","9183165","257707","5262","worm"
"910959","13000000","35517","2767","21368","1540","4672","66000000","70925","13000000","7730","25000000","49889","9196847","254612","5198","worm"
"912160","13000000","35095","2734","21351","1521","4616","66000000","70082","13000000","7639","25000000","49297","9208857","251960","5136","worm"
"913333","13000000","34683","2702","21335","1503","4562","66000000","69258","13000000","7550","25000000","48719","9220427","250137","5076","worm"
"914420","13000000","34281","2670","21318","1486","4509","67000000","68454","13000000","7462","25000000","48154","9231666","247399","5017","worm"
"915479","13000000","33890","2640","21301","1469","4457","67000000","67668","13000000","7377","25000000","47603","9242584","244566","4959","worm"
"916574","14000000","33506","2610","21286","1452","4406","67000000","66900","13000000","7303","25000000","47072","9251710","241802","4903","worm"
"917645","14000000","33131","2580","21271","1436","4357","67000000","66149","13000000","7224","25000000","46548","9313046","239098","4848","worm"
"918691","14000000","32764","2552","21257","1420","4309","67000000","65415","13000000","7144","25000000","46032","9323223","236450","4794","worm"
"919716","14000000","32405","2524","21243","1404","4261","67000000","64696","13000000","7066","25000000","45528","9333558","233858","4741","worm"
"920699","14000000","32054","2496","21229","1389","4215","67000000","63994","13000000","6991","25000000","45035","9344527","231324","4690","worm"
"921865","14000000","31710","2470","21218","1374","4170","67000000","63307","13000000","6916","25000000","44553","9355261","229582","4639","worm"
"11463","37940","8057","1104","2219","111","2419","202065","3711","37190","897","55422","2360","38598","5539","84","backdoor"
"1551","5055","1096","165","284","17","333","27097","500","4916","145","7322","330","5003","706","11","backdoor"
"29560","126030","20008","1769","5514","146","4098","640778","8787","108108","2086","165826","5987","99237","13462","388","backdoor"
"26211","117761","14783","1666","7001","48","4182","603208","7805","117250","1881","186724","4788","91070","11145","371","backdoor"
"30139","123550","20744","1800","5480","158","4238","635653","9501","124724","1847","192720","6969","115862","15797","428","backdoor"
"25893","107654","17004","1735","5033","155","4226","558601","8106","111175","1996","170120","5865","102265","13651","311","backdoor"
"27371","110593","19057","2006","5209","254","4385","571953","8074","111163","1885","170023","5747","102059","13866","279","backdoor"
"33586","137058","23978","2309","6192","171","5165","693610","10789","145030","2608","224120","8527","139679","17052","421","backdoor"
"29290","124913","21489","1776","5741","172","4094","641809","9037","108716","1913","167584","5952","100057","13807","475","backdoor"
"35569","133657","18469","2591","7071","133","5148","687267","8595","131289","2700","210534","5782","106208","13093","376","backdoor"
"18252","98185","7759","661","2732","174","1716","538874","3769","99248","735","158598","2186","100258","5438","130","backdoor"
"21556","93201","12454","1653","4369","80","3348","479466","6801","96948","1885","145628","4843","80063","10151","219","backdoor"
"24194","106212","16248","1771","4743","76","3824","549068","9464","124846","2250","191683","7245","114769","15415","402","backdoor"
"35871","129532","21785","2032","5666","146","4794","663182","9883","128563","2638","193946","7571","118123","15677","467","backdoor"
"27768","115219","13621","2021","6601","127","4297","602774","6906","114178","1882","183213","4500","88248","10683","356","backdoor"
"9119","39211","6801","465","1510","56","1008","214791","2671","39048","466","60341","1879","42224","5609","75","backdoor"
"22087","104767","12644","1607","4737","94","3337","538452","6265","106771","1773","161416","4231","88742","10090","301","backdoor"
"20882","90713","13257","1378","4471","96","3032","473021","6731","104743","1736","160995","5493","96227","13245","268","backdoor"
"30816","121146","25602","3911","8508","367","6171","620772","5986","93185","2173","143516","4563","85788","11252","200","backdoor"
"6041","27195","5285","259","1369","30","677","147648","2489","27881","543","40901","1521","29123","3950","16","backdoor"
"1022","4069","912","67","206","8","147","22370","408","4088","106","6055","250","4230","579","2","backdoor"
"28115","122076","19207","1740","7102","136","3914","620710","7851","111529","3204","156242","6385","101802","12750","388","backdoor"
"13193","55432","7370","747","1912","12","2465","288184","5435","59603","1234","91360","2654","58079","5256","368","backdoor"
"854","3548","507","45","124","1","169","18487","328","3622","68","5658","154","3526","297","25","backdoor"
"551","2122","319","33","75","1","144","11076","199","2227","39","3519","90","2165","169","16","backdoor"
"418","1641","240","24","55","1","110","8574","156","1780","30","2836","69","1729","129","13","backdoor"
"416","1422","215","23","48","1","114","7437","138","1576","25","2524","60","1530","110","12","backdoor"
"384","1275","198","23","44","1","117","6674","126","1427","22","2297","53","1385","100","11","backdoor"
"366","1188","189","23","41","1","119","6219","118","1328","20","2146","49","1290","91","10","backdoor"
"336","1132","173","20","37","1","108","5933","112","1259","18","2041","46","1223","85","10","backdoor"
"325","1077","168","20","36","1","110","5646","106","1202","17","1954","43","1168","80","9","backdoor"
"318","1040","164","20","35","1","112","5452","103","1176","16","1915","42","1143","79","9","backdoor"
"310","1005","161","20","34","1","113","5271","99","1136","15","1854","40","1104","75","9","backdoor"
"304","975","158","20","33","1","114","5115","97","1103","14","1802","39","1072","72","9","backdoor"
"308","955","156","20","33","1","116","5013","95","1085","14","1777","38","1055","72","9","backdoor"
"322","934","154","20","32","1","116","4900","93","1061","13","1739","37","1031","70","9","backdoor"
"352","920","153","20","32","1","117","4828","90","1039","13","1704","36","1009","68","8","backdoor"
"338","904","148","19","31","1","112","4744","89","1027","12","1686","36","997","67","8","backdoor"
"334","893","147","19","30","1","113","4691","89","1019","12","1675","36","990","69","8","backdoor"
"329","882","146","19","30","1","113","4629","88","1005","12","1654","36","977","67","8","backdoor"
"323","870","145","19","30","1","114","4570","87","996","12","1640","35","968","66","8","backdoor"
"326","863","145","19","30","1","115","4534","86","985","11","1623","35","958","65","8","backdoor"
"321","855","144","19","30","1","114","4489","86","978","11","1612","34","951","65","8","backdoor"
"324","846","140","19","29","1","111","4445","85","971","11","1602","34","944","65","8","backdoor"
"343","841","140","19","29","1","111","4419","84","966","11","1593","34","939","64","8","backdoor"
"357","837","139","19","29","1","112","4395","84","959","10","1584","33","932","63","8","backdoor"
"352","831","139","19","29","1","112","4364","83","956","10","1579","33","929","62","8","backdoor"
"351","827","139","19","29","1","113","4345","82","948","10","1567","33","921","61","8","backdoor"
"347","822","139","19","28","1","114","4318","82","942","10","1558","32","916","60","8","backdoor"
"340","817","138","19","28","1","111","4290","81","939","10","1552","32","912","60","8","backdoor"
"342","814","138","19","28","1","112","4275","81","935","10","1547","32","909","59","8","backdoor"
"338","809","138","19","28","1","112","4251","80","932","9","1542","32","906","59","7","backdoor"
"21122","84164","11006","1622","4127","65","3634","433671","5365","84616","1453","127333","3529","69899","8264","237","backdoor"
"20472","93575","12465","1442","4300","123","2985","486415","10057","263010","4419","170667","8146","140926","13879","1384","backdoor"
"27274","128401","15485","1841","6793","94","4019","661075","8589","150080","3373","237119","7710","137340","18322","383","backdoor"
"27898","107649","17850","1946","5388","183","4399","556901","9183","124582","1923","191220","6927","114799","15551","391","backdoor"
"1662","5540","2357","52","427","4","128","29745","1092","5374","78","7980","399","5935","987","1","backdoor"
"118873","526672","75602","5106","18381","1031","12044","2739337","44064","514798","6532","847120","24122","565412","74003","1862","backdoor"
"613","2692","390","27","94","5","64","14005","232","2701","35","4445","127","2966","389","10","backdoor"
"413","1804","262","18","64","4","44","9383","155","1807","23","2974","85","1984","260","7","backdoor"
"364","1418","236","17","55","3","50","7371","134","1425","21","2345","71","1555","206","6","backdoor"
"370","1417","237","17","55","3","51","7366","134","1424","21","2344","71","1554","206","6","backdoor"
"332","1188","221","16","50","3","54","6171","121","1193","18","1963","62","1294","174","5","backdoor"
"23177","91989","12393","1741","4263","71","3569","472473","6338","90717","1674","136459","3971","74628","9006","285","backdoor"
"16048","61836","9437","1322","3448","50","2872","329199","4897","59990","1502","93393","3064","52044","6706","119","backdoor"
"16444","65341","9797","1274","3450","40","2925","348115","5322","65912","1747","103655","3240","57575","7123","182","backdoor"
"6367","29540","5509","407","1465","10","913","161147","2321","30017","796","44581","1815","31750","4254","16","backdoor"
"24648","109216","16778","1740","4975","111","4093","565622","7996","111613","1865","171289","5820","102435","13798","280","backdoor"
"29211","116493","20211","2394","5660","199","4852","605340","9179","112209","3482","172246","6760","103178","14354","383","backdoor"
"42923","198570","23013","1543","5232","451","3989","1161240","9406","203163","1584","359084","6834","248518","19900","611","backdoor"
"26106","137147","12119","1324","3086","87","3776","726763","7140","142347","1625","220873","4392","133445","9791","605","backdoor"
"24587","102759","20339","2696","7630","281","4994","526879","5791","91442","1558","140408","4307","84601","11233","207","backdoor"
"20505","87985","12496","1564","4317","102","3063","456973","5682","87840","1494","134650","4058","80265","10168","176","backdoor"
"9850","37630","8150","871","1675","70","1607","201751","3283","37452","685","55626","2298","38165","5380","45","backdoor"
"1592","6174","1155","173","225","14","274","33488","497","6862","156","10305","383","6738","811","6","backdoor"
"19392","90092","11536","1511","4075","26","3140","463078","6445","91408","1772","137318","4009","75187","8953","237","backdoor"
"20846","90405","20474","2087","5876","261","3693","467266","5892","88836","1374","137175","4164","82292","10590","155","backdoor"
"19360","90813","10893","1397","3960","37","3080","468604","6630","94808","1778","142962","4197","79271","9201","247","backdoor"
"20199","90133","12037","1523","4411","63","3243","462579","6346","92027","1663","138949","3863","75370","8572","260","backdoor"
"21681","94661","14005","1540","4414","94","3386","492486","8845","134988","1906","167171","7307","128727","13131","307","backdoor"
"258302","1545523","200255","5085","64305","1217","11058","7712254","75907","1550793","7268","2113304","68536","1169232","176303","3046","backdoor"
"2834","16123","2166","76","675","16","208","80559","838","16478","91","22535","740","12571","1884","33","backdoor"
"18769","85218","10416","1368","3968","25","2877","440142","5911","91554","1744","137349","3883","76580","9097","219","backdoor"
"29310","125737","20265","1857","5578","203","4250","654794","8742","123190","1984","191770","6777","120691","16890","313","backdoor"
"19486","87900","11872","1466","4209","64","3083","452890","5746","87562","1546","131237","3647","72435","8433","248","backdoor"
"27106","115115","20555","1804","5654","174","4329","588081","7969","110769","1890","169852","5680","101454","13831","261","backdoor"
"7762","33625","5252","348","1433","10","957","185007","2586","34381","437","51840","1294","30987","3507","123","backdoor"
"27330","111596","19218","1674","5089","134","3665","573373","6692","99408","1779","152731","4980","91849","12221","243","backdoor"
"24363","87918","11997","1698","4026","94","3627","453715","7036","91773","2246","137510","4655","75974","9679","246","backdoor"
"12669","77450","8474","278","3718","110","534","441745","6389","154102","608","244689","6186","142048","16041","262","backdoor"
"1796","5727","2360","52","508","3","204","31098","1210","5634","70","8366","393","6084","940","0","backdoor"
"25878","111468","16740","1740","4952","119","4017","576712","8921","111483","3346","171489","6246","102852","13766","326","backdoor"
"992215","4536172","9515","1349","86626","345","2971","49224235","4754","4298940","2026","27612200","3647","9835042","12891","236","backdoor"
"995230","4579968","5584","801","87368","238","1792","50013891","3142","4057562","1142","26261506","2508","9308844","8005","457","backdoor"
"997983","4599198","5542","897","87610","239","1969","50289303","2255","4241609","976","27556547","2011","9750443","5927","312","backdoor"
"1000181","4614952","5172","838","87490","224","1842","50494619","1781","4344688","995","28272804","1840","9995839","4949","236","backdoor"
"1000953","4621719","5059","865","87333","232","1846","50585082","1484","4395115","889","28636131","1591","10118354","4151","189","backdoor"
"1001682","4627913","4727","872","87288","240","1809","50676354","1267","4423260","832","28842537","1440","10188090","3636","158","backdoor"
"1003601","4640333","4178","791","87536","237","1637","50838925","1122","4469806","807","29163500","1348","10299131","3286","136","backdoor"
"1003674","4641092","4110","833","87500","259","1728","50861413","1018","4488519","778","29298602","1264","10345082","3012","119","backdoor"
"1003166","4641298","3932","837","87429","266","1714","50876534","933","4504390","758","29411642","1210","10383592","2807","106","backdoor"
"304765","2906763","249169","8579","43648","167","9036","12440294","114454","13264017","12320","12318005","190562","6289307","446214","1606","benign"
"12215","72863","14559","69","1579","35","141","352378","211820","11041870","2297","11283663","134691","5305569","421906","5732","benign"
"134826","1416223","77912","9734","17642","835","21119","5240917","280899","7996534","5998","8211282","175334","3943869","414579","6900","benign"
"9763","37751","15630","319","2604","126","529","173069","83971","6858402","13541","7143788","53539","3635550","224400","1913","benign"
"234430","2014076","147111","17816","37622","627","31425","8143041","86948","9419320","6458","10718024","53370","5088940","456877","1097","benign"
"33259","132906","26712","2852","4300","398","6872","666327","87557","10480639","14817","11933140","40690","5752112","458950","200","benign"
"99905","1302632","44951","2993","24151","80","3730","4691988","178476","11360116","1558","12250172","106983","5667859","407026","5059","benign"
"92912","1347000","55062","704","12409","109","1024","4909887","11440","363915","8724","442795","8180","192876","20476","405","benign"
"96964","1385721","57160","998","12575","107","1237","5076095","263273","7174103","956","8627355","141403","3879961","344924","3347","benign"
"119699","1437453","73205","914","27324","132","1160","5346231","236890","9531586","210","11035498","212782","4804536","415494","1384","benign"
"29067","50395","19704","6064","3117","287","15856","250784","274701","8493104","5763","9805413","197810","4557277","447415","1610","benign"
"11420","45046","16355","751","2128","177","1929","223408","244480","9003962","10718","9974819","211586","4356294","443989","5513","benign"
"10594","59255","14895","322","1837","77","535","287649","224412","8088696","9448","9200820","163189","4263949","445203","8087","benign"
"4447","16050","8729","136","1114","40","219","71197","139425","8330999","6128","9488161","89045","4107978","372204","4860","benign"
"145804","1593327","81897","6790","27339","368","7553","6093196","14935","223133","7890","287390","32725","136232","56044","811","benign"
"269897","2078008","237016","10586","46770","785","16228","9959476","72870","1512938","6603","1927418","44097","990403","103368","7681","benign"
"121099","1434076","74013","1164","29238","134","1714","5320018","308798","11710158","5037","14623536","86148","8000060","258304","6589","benign"
"8760","34801","13153","353","1236","81","492","169001","326867","12985378","3666","16149589","97485","8809131","309648","5274","benign"
"7383","13585","5479","1227","1151","87","3110","71518","321031","12835413","1802","15886470","94654","8597384","290112","4578","benign"
"189270","1770185","112015","12934","35673","621","17737","6963337","317367","12794874","1618","16183560","113269","8909107","341839","4811","benign"
"13971","77443","15231","542","1871","54","1010","371930","312542","12697757","22394","16096044","117096","8849746","354689","4496","benign"
"8681","29625","13483","350","1400","84","611","136654","162106","12399142","5252","13205976","100250","6722160","307510","6298","benign"
"116844","1531746","77244","2402","14395","158","2724","5819257","118181","3810171","14129","4527108","53336","2380963","118889","3787","benign"
"12785","77984","14965","77","1638","42","166","374152","23899","6056982","22662","5950624","22300","2812513","45813","1947","benign"
"106244","1353577","59478","608","25581","92","799","4942512","204604","10845392","6611","12110114","108913","5899536","326044","7057","benign"
"126098","1475511","74589","2389","29190","133","2710","5540194","82926","10409639","5808","12240889","76160","5445402","549838","481","benign"
"93201","1264281","41017","332","25511","45","439","4519337","72920","11385178","5924","13491172","44446","5959690","543166","372","benign"
"13134","80217","15400","44","1707","41","96","386228","81607","10822873","6921","12756958","68006","5591226","526075","632","benign"
"120242","1276120","47370","8525","26144","548","20863","4570733","128846","11008790","1750","13007010","58977","5733214","526706","1345","benign"
"114258","1377154","61078","2525","26915","161","3668","5059989","287420","9743823","545","11671985","212392","5181716","472426","2450","benign"
"13455","82039","15236","116","1629","42","217","395480","259615","9203462","34","10670228","227421","4788468","480007","2435","benign"
"19125","33735","15039","4545","2082","208","9725","159078","241753","8782996","12125","9773796","243768","4429081","481671","1961","benign"
"9268","14270","6605","1504","1269","85","5071","73111","296782","8420163","16050","9973181","177248","4892583","501100","8493","benign"
"689897","6132351","284083","25467","100776","1713","47368","25946939","83134","19781473","14785","19692009","63639","9251893","174182","2834","benign"
"999536","11785639","91291","1358","190232","687","2487","52706356","183915","14386102","5440","15011826","113311","7121407","266891","4310","benign"
"981471","8851353","310848","9706","171188","1969","20173","37513880","147101","9252648","11236","10739586","118530","5651207","431471","1845","benign"
"952939","8314750","393916","9811","110487","842","17493","32274662","198054","8428572","3128","9207764","156804","4677675","403331","3742","benign"
"1010921","6414581","561106","51861","158953","7832","87934","28074759","92930","11306680","16132","12504890","19983","6872391","181642","1860","benign"
"989030","20354033","644646","5421","50423","134","5881","89319458","235836","8998358","1620","10442090","67836","5843759","262509","4511","benign"
"1001477","21370015","703688","200","42578","1","211","93047883","136378","11592595","12171","12934827","16101","7215742","176888","662","benign"
"990304","21014957","654188","207","51457","0","207","92085651","179443","9672235","7449","10958290","49875","6085433","240966","2695","benign"
"1001185","21237812","665597","153","48729","6","170","93269620","143322","10295838","15","11587698","34894","6403048","224981","2242","benign"
"1001058","21354241","699745","95","40473","4","100","93129767","74066","12109328","5096","13411072","395","7414331","177889","73","benign"
"988955","21008602","662921","306","52390","6","318","91717999","110831","5683900","1396","6484917","33784","3578789","147545","2119","benign"
"997408","14864103","314438","1128","95420","350","2647","61557058","17678","287658","1106","317730","11086","176400","17729","1487","benign"
"978432","11130936","304635","13648","120267","820","25286","47177168","96185","1184893","286","1467053","45081","891197","93943","6101","benign"
"994128","8117752","443390","2600","110184","530","5647","31895471","60411","1377147","122","1690418","50802","1034014","104614","7186","benign"
"663683","7493165","188207","6701","107258","1327","13345","33043380","1446","719423","573","889386","29163","542470","56789","4262","benign"
"696821","6759070","109456","5970","62190","344","10592","28091493","2718","6236","859","7777","714","4520","958","161","benign"
"995855","10715587","80712","5865","83113","369","6291","44577628","1208","8307","555","10909","1230","7004","1591","289","benign"
"961140","11239510","179411","13638","97166","613","22399","47951741","4009","6082","1020","7554","641","4354","849","174","benign"
"61122","303392","30633","6054","9492","283","19340","1276845","1373","11905","548","16073","1423","10522","1827","332","benign"
"63925","536410","45462","686","14241","96","1469","2207726","3729","6084","1091","7554","652","4354","874","157","benign"
"268873","2136588","177990","8350","44111","668","22867","8939317","1370","8385","546","11001","1285","7075","1647","264","benign"
"278267","2226811","163209","2978","43356","163","6463","9626188","1316","6091","537","7569","660","4371","857","161","benign"
"999856","8946902","519763","2430","52101","60","3263","39298987","3993","6110","1040","7581","643","4381","879","165","benign"
"998857","8932611","521795","717","33911","2","752","37455894","1139","11863","536","16121","1430","10512","1858","341","benign"
"1000415","8635112","546446","18","23306","0","20","34718001","2953","6080","882","7548","633","4354","866","165","benign"
"932209","8922738","577840","5641","124415","419","6658","38081690","1301","8365","537","10969","1219","7050","1611","279","benign"
"890303","8783730","308155","10215","98934","506","19251","36131653","4529","6083","1072","7551","623","4354","864","167","benign"
"436717","4177994","135690","7569","44963","266","12942","17185152","1324","14266","555","19610","2010","12384","2690","376","benign"
"938097","7973571","565376","95864","94158","6659","100581","36224274","86014","7863762","82366","10535829","519759","3814640","2552926","1025","benign"
"907201","10220187","274782","52126","141660","1927","78213","47099010","126510","10147013","60511","11364942","69760","5591333","655201","4722","benign"
"181862","980108","134833","10247","27788","406","16217","4450471","57356","1184437","10932","1513362","134719","755604","233034","2376","benign"
"382935","3474875","198699","15632","37489","2283","23362","20689263","30381","3440950","14581","5808220","100003","3009225","574154","991","benign"
"1000940","10664140","189706","11125","65153","6236","17683","84951588","7366","11027381","3357","27107575","116367","13095460","1225635","19","benign"
"880805","7345927","294649","39841","135410","10145","84666","42613393","103748","8078781","35933","11769745","386074","6674601","657468","5187","benign"
"915523","12782703","426431","23701","159099","1122","34725","51422977","89811","12379543","24247","13178005","405252","5215978","2629526","3655","benign"
"819067","6850961","586713","54685","116960","4933","81516","31323308","113646","7461737","49160","9190339","369136","3789897","2001061","5205","benign"
"879253","14041486","479460","14393","159225","726","17870","53249041","101411","13350732","13516","13822664","456535","5737327","2678364","3807","benign"
"867271","13850289","541217","10453","134546","585","11891","50562124","95461","13132431","9588","13652123","536264","4502562","3517234","3780","benign"
"920471","12857577","663680","11572","151792","574","14080","49096321","86366","12393638","9364","13523841","591913","4501575","3661031","3460","benign"
"895040","11766225","650280","16094","173756","1256","19970","45623139","71055","11324614","14295","13111027","469397","4353286","3590131","2997","benign"
"790465","11050970","551692","10850","123637","809","16322","41736845","86570","12556221","9226","13353074","185402","4357784","3442208","3541","benign"
"898706","10882802","161610","7697","127012","907","13948","47695306","114254","10674354","12545","11315574","70219","5834625","833578","2407","benign"
"871712","8986531","182823","7323","226501","1683","15230","40954186","58364","10243218","3221","12165614","140015","6481694","382536","1404","benign"
"875228","7459494","411523","3822","110114","1106","7316","29007043","301441","8391989","6530","8362930","199938","3853171","432314","4299","benign"
"836591","6295911","446966","42949","97649","5294","61492","25935043","226151","6567067","44092","7355566","298160","3477716","595825","5511","benign"
"1022720","9226427","532197","23637","156129","3027","46355","39934090","220785","11044384","15088","10586990","630076","5810130","579638","6172","benign"
"960935","20040339","648474","174","44714","0","191","87589060","7335","20114925","164","16766385","611847","10113148","946535","105","benign"
"931923","19424530","638570","211","39246","0","213","84619697","7158","19679549","200","16405746","616683","9898283","924272","83","benign"
"960041","20020538","627084","189","48195","0","191","87663747","7456","19961472","192","16600543","594740","10006670","932159","75","benign"
"944382","19533405","618845","175","43769","6","192","85705416","7046","19545616","139","16342320","619493","9863910","901968","84","benign"
"959066","19904691","658440","72","35807","4","82","86714365","7591","19598779","72","16338326","611730","9843959","938449","69","benign"
"953614","19910128","630700","223","48340","5","235","86932656","7575","19915973","251","16535901","293126","9978875","919781","66","benign"
"908760","16432830","387516","1124","90671","118","2517","69712302","51714","15441378","949","13637969","78866","7300421","495865","1009","benign"
"923061","11151842","150496","11723","84302","836","20476","46676586","179114","10961542","11893","11140177","176439","5224895","381249","3713","benign"
"918618","7200695","387239","3480","91469","721","7930","28499693","236910","7400429","3251","7617311","113539","3604407","433639","5906","benign"
"918577","8263112","380119","5734","138920","856","11181","33546354","219259","9573555","4977","9890785","58693","4966956","346365","5607","benign"
"908506","9676812","130659","8441","98404","822","14886","41946353","84225","9071054","7166","10344082","35372","4946221","444919","1285","benign"
"923028","10152685","68561","5459","76008","296","5833","42233257","82641","10135713","5079","11546180","79847","5563221","442633","238","benign"
"913793","11283871","78338","11639","79442","414","16554","47975982","144801","11200271","12553","12189109","183991","5758954","394817","2984","benign"
"931802","8684888","590813","8376","135847","269","13972","37607185","306462","9169792","5108","10792419","205042","4783397","441277","4860","benign"
"924234","9097868","503386","1009","35816","5","1037","39129449","220382","9337430","870","10815372","200806","4709911","410246","1325","benign"
"931979","8606834","510011","414","32700","1","440","35928820","248266","8484084","182","9790883","218337","4532547","454652","2409","benign"
"963065","8679114","549052","1501","39525","44","1728","34764852","227688","9222769","3371","10197298","164751","4446971","458125","4953","benign"
"893699","8752493","487763","6833","117918","334","9630","37329608","226982","8016641","9401","9094861","116943","4220616","440066","7141","benign"
"852239","8554920","270899","9493","92610","438","15850","35673059","153642","8395290","20069","9597366","62684","4151064","425099","3917","benign"
"268473","2066902","133423","10559","30088","356","18149","8072984","153610","5353466","12052","6709559","91406","3610827","157075","6120","benign"
"230006","1671265","168895","8212","36037","592","16452","7161151","281576","10788933","5846","13495782","106135","7376641","253845","6995","benign"
"795358","9582410","362925","4842","63163","386","7379","41348790","311016","12371715","6212","15386164","101734","8369605","312038","5369","benign"
"958171","6936804","193346","52497","116412","30561","80356","36000000","110525","4163937","33096","6384757","51244","3999067","205034","15697","rootkit"
"1096529","8321352","182192","45210","110932","28576","77270","43000000","126204","5327438","37112","8153589","58144","5256332","277023","19426","rootkit"
"1068674","8211420","168839","42612","101067","28574","73696","43000000","141585","6298568","39676","9619772","64166","6202146","330109","22365","rootkit"
"1054761","8187337","162526","41245","98238","28389","71576","43000000","151998","6688738","41240","10000000","67408","6655480","356885","23896","rootkit"
"1046053","8196952","158955","40525","95679","28113","70250","43000000","155698","6981991","42565","11000000","69597","6950106","373337","24548","rootkit"
"1038524","8124926","157896","40207","95524","28214","69910","42000000","156833","7134795","43725","11000000","71132","7148734","383906","24983","rootkit"
"1030773","8069156","158085","39603","96582","28265","69356","42000000","161886","7230800","44431","11000000","72226","7294250","391879","25509","rootkit"
"1027366","8150391","159497","39767","99231","28174","69452","43000000","164735","7328598","43929","11000000","73128","7453731","392664","25899","rootkit"
"1022781","8321710","157668","41538","98436","27850","70839","43000000","154955","7011076","42235","11000000","69259","7063986","369406","24355","rootkit"
"1021838","8485460","157725","42451","100975","27613","71445","44000000","103849","4647910","28186","7107910","46188","4670694","244742","16171","rootkit"
"1017763","8569987","157704","42758","102045","27417","71525","45000000","87277","3917750","23904","5986170","39009","3928044","205369","13575","rootkit"
"1017127","8704796","157067","42790","103261","27312","71383","45000000","82705","3709904","22652","5668696","36973","3719338","194484","12854","rootkit"
"1016811","8872320","155931","42729","104567","27133","71123","46000000","73398","3406742","20861","5166925","33533","3356269","173987","11420","rootkit"
"1013647","9007660","154877","42580","104755","26977","70757","47000000","76679","3709562","22349","5578986","35463","3573088","182393","11928","rootkit"
"1010569","9115126","153982","42349","105159","26784","70277","47000000","81246","3975626","23708","5954850","37367","3782390","191732","12542","rootkit"
"1007174","9197773","152921","42131","105468","26590","69810","48000000","85539","4220861","24836","6294220","38976","3964069","200040","13083","rootkit"
"1003470","9244068","152454","41717","105684","26282","69044","48000000","87998","4482290","25714","6636368","40145","4126571","206936","13428","rootkit"
"1001311","9293754","152264","41601","106233","26035","68651","48000000","90469","4729652","26614","6962629","41440","4287578","213664","13784","rootkit"
"1000584","9319269","152220","41583","107203","25899","68468","48000000","93103","4949010","27362","7254590","42581","4430664","219781","14113","rootkit"
"1000514","9316753","152812","41814","108272","25985","68755","48000000","95007","5161450","27930","7533664","43402","4566216","225051","14398","rootkit"
"1000769","9306367","153223","42004","108936","26057","69017","48000000","98508","5345934","28334","7784882","44232","4693392","231130","14807","rootkit"
"1001301","9300981","153897","42187","109640","26317","69430","48000000","101559","5517368","28728","8017515","45003","4811062","236964","15168","rootkit"
"1001787","9298030","154328","42404","110056","26470","69789","48000000","104269","5666491","29146","8226957","45709","4924406","242115","15527","rootkit"
"1002256","9296906","154156","42553","110582","26545","69999","48000000","106303","5762684","29650","8370378","46447","5011213","245718","15805","rootkit"
"986199","9131871","152209","41970","108887","26092","69004","47000000","108697","5864157","30107","8527342","47114","5110740","250297","16160","rootkit"
"44221","228830","16569","643","10066","110","1333","2720891","6795","231464","663","812655","6232","641006","16701","229","rootkit"
"27202","153281","16561","968","7586","173","2040","867582","7085","155201","650","242404","6667","138831","17333","301","rootkit"
"112896","815508","19423","2670","94000","522","5081","3026726","10854","815948","3192","519660","8149","282516","25316","577","rootkit"
"70976","419747","38961","3829","16727","348","8556","2106934","25115","418377","3840","630350","12745","357438","29675","1836","rootkit"
"21989","101749","10496","1624","5726","51","3232","521603","5233","99932","2172","160135","3993","74929","9498","255","rootkit"
"70612","354860","50606","2880","17376","373","7796","1820459","23225","364036","4132","542161","17505","301843","42365","988","rootkit"
"8418","42034","5914","426","1981","49","991","214695","2649","43108","567","63738","2080","35470","4942","110","rootkit"
"42385","222742","19363","1284","9812","171","2745","2126383","7296","221172","1214","620819","6979","465992","17593","254","rootkit"
"58661","468103","31995","5974","9189","243","9387","2463936","13357","471749","6434","979791","14026","292358","38359","599","rootkit"
"20298","85901","10773","1596","3972","38","3461","442431","5477","91331","1733","136591","3947","74495","9041","195","rootkit"
"17250","99077","7485","599","2456","136","1491","544577","5013","101775","1080","163184","2883","102706","6533","234","rootkit"
"65167","326313","30482","3904","12418","418","8602","1684322","19351","333513","5553","529705","12320","296728","27767","1008","rootkit"
"25156","154485","16189","465","7268","125","972","871539","7357","154584","1132","241408","6153","138060","16093","450","rootkit"
"895738","4816139","648379","37537","206322","8945","65076","24000000","207928","4652279","34066","6389316","208422","3619730","537710","10180","rootkit"
"599662","3321096","390496","21426","123474","4856","40696","17000000","148440","3212942","25973","4448680","147498","2522948","372552","7441","rootkit"
"20987","89040","11176","1574","4069","29","3242","457571","5821","86606","1714","130114","4098","70977","8844","159","rootkit"
"34236","164580","18909","2331","8618","111","5346","823013","9069","164359","2342","252500","6523","124267","15097","382","rootkit"
"24364","148538","16136","531","6889","179","1218","784689","7736","154176","834","223881","7185","121597","17622","325","rootkit"
"17564","100981","7615","609","2646","144","1490","554289","5242","103076","1118","164869","2767","102940","6606","233","rootkit"
"20027","89062","12030","1537","4228","61","3120","458493","6048","90857","1616","136052","4088","74540","8849","235","rootkit"
"19662","89023","11850","1567","4253","60","3188","458169","6280","89379","1731","134295","4019","73728","9005","264","rootkit"
"20618","91958","12345","1625","4428","47","3391","473086","8009","102094","2995","153017","5618","84743","11257","381","rootkit"
"17775","101565","7652","621","2607","144","1521","557509","4029","100760","700","161281","2154","100815","5484","139","rootkit"
"181898","984366","139597","5103","44385","1072","11746","4961544","21228","348958","4953","519031","17352","290654","42985","721","rootkit"
"24566","154368","15615","415","7006","48","715","845510","8762","154824","491","233903","7666","130444","18036","463","rootkit"
"20448","91148","11958","1674","4136","37","3586","469474","6179","92986","1700","140153","4583","76810","9105","311","rootkit"
"28512","151271","13204","1866","8664","96","3735","725455","7768","146883","1789","188999","5020","108192","11332","529","rootkit"
"19200","88221","11107","1539","4007","48","3152","454779","5494","86389","1586","130253","3712","70808","8447","188","rootkit"
"77233","426469","37730","4338","17363","478","9840","2142438","26128","426488","4661","643698","13549","362174","31826","1971","rootkit"
"20143","92053","11225","1494","4249","51","3102","471368","5425","90477","1726","136825","3760","74039","8382","239","rootkit"
"16267","51139","8970","570","1861","74","1458","288665","3739","49735","557","93592","1810","53199","4188","99","rootkit"
"17828","81632","10965","1388","4391","85","2718","425832","5933","84935","1957","128874","4305","70766","9255","99","rootkit"
"1004508","5893764","764627","27955","237414","7466","52553","29000000","281884","6193069","27358","8504622","282518","4829627","726286","12348","rootkit"
"535874","3157616","76854","2917","23812","757","5422","16000000","145216","3139108","14751","4309186","143442","2448718","367098","6314","rootkit"
"20506","91246","10944","1548","4208","78","3241","467622","7007","96019","2989","145337","5250","79080","9925","294","rootkit"
"29475","157282","16184","338","7247","187","741","968760","6580","159342","636","274900","6278","167161","16296","244","rootkit"
"31196","179926","17808","565","8504","41","769","1438716","6990","179909","523","413056","6257","288061","16643","590","rootkit"
"50634","221413","36964","2551","14195","315","6389","1116683","17574","220943","2532","319988","9971","178240","23206","468","rootkit"
"450999","2634213","297288","14132","109728","2509","28191","13000000","136158","2807188","13632","3812925","114911","2066641","294646","5914","rootkit"
"358857","2332756","199995","11447","83328","2496","21558","12000000","145977","5184648","22400","7565970","97414","4360614","309140","4457","rootkit"
"381245","3030302","147783","12027","65240","3958","21229","16000000","57367","1912310","8906","2772792","40992","1591350","124912","1808","rootkit"
"486494","3608411","244870","14173","93706","4252","24268","19000000","41022","1333684","6515","1930519","30307","1106876","91009","1307","rootkit"
"565791","4013410","324054","14385","119317","4220","24551","21000000","28110","875665","4501","1261245","21691","720368","63413","904","rootkit"
"617255","4270486","376608","14580","135402","4166","24743","22000000","24213","733364","3935","1052782","19235","600983","55289","793","rootkit"
"591707","4056948","368982","14131","130744","3915","23748","21000000","24232","724968","3944","1038083","19470","591093","55484","792","rootkit"
"28968","111349","21261","2161","5574","197","4900","577112","6095","70566","2064","110344","3890","61560","8033","149","rootkit"
"37758","206524","19080","1205","9219","116","1880","1703766","7233","194452","1205","474767","6098","343325","15915","239","rootkit"
"22072","92602","12209","1739","4128","89","3618","475396","6153","88729","1660","132543","3943","73158","8896","242","rootkit"
"38745","156453","20696","3691","8616","316","7341","787162","11115","157732","2608","243873","6874","125587","14679","366","rootkit"
"1755","5539","2419","39","507","16","147","29814","1182","5568","60","8308","400","6059","991","2","rootkit"
"19488","90193","10818","1403","3916","39","3027","461812","7453","95069","2577","144040","5137","78220","10163","375","rootkit"
"894249","6726302","157849","40413","124162","15934","58978","33000000","57046","2447173","14980","3494415","25151","2185064","88157","7442","rootkit"
"1026382","8333252","142982","36003","107953","16066","55298","41000000","112436","5516747","24754","8328587","46106","5140965","249688","15874","rootkit"
"1019076","8292900","141149","37370","103258","18140","57891","41000000","127697","6549444","28874","9885482","52863","6151049","297579","18783","rootkit"
"1009330","8192406","147879","36460","108688","20448","59359","41000000","131050","6927777","33219","10000000","57986","6630395","313953","20554","rootkit"
"1005000","8363590","145181","36194","116960","19569","57815","43000000","125201","6725358","32624","10000000","58501","6524744","304307","19652","rootkit"
"1005816","8551050","143080","36252","121709","19439","57504","44000000","85224","4613977","22652","6938771","40100","4415545","206091","13075","rootkit"
"1005946","8830128","142697","37028","123075","19793","58471","45000000","91998","5158724","24604","7709673","43225","4803002","223092","13597","rootkit"
"1002313","8957842","143224","36662","124233","19529","57781","46000000","98558","5669136","25968","8391864","45382","5131189","238743","14247","rootkit"
"1002631","9062285","141552","36061","126703","19100","56639","46000000","103226","6099743","27446","8950700","47840","5391535","251517","14642","rootkit"
"1001706","9039821","140570","35690","131216","18818","55903","46000000","107896","6406608","28020","9368171","49183","5580224","261129","14961","rootkit"
"1001241","8998259","138207","35012","136907","18375","54712","46000000","113452","6648799","28449","9716088","50176","5754925","269992","15478","rootkit"
"995353","8935105","135700","34517","137416","18043","53834","46000000","116992","6808420","29073","9972242","51203","5902385","274979","15828","rootkit"
"20796","91808","12203","1633","4295","46","3327","471956","6057","89882","1657","134393","4006","73929","9020","188","rootkit"
"18986","88085","11062","1533","4060","57","3167","453114","6774","93989","1860","141052","4874","77098","9901","196","rootkit"
"57202","466021","34287","2970","31775","282","6656","1765031","7881","452756","1957","316043","5770","180953","16216","445","rootkit"
"25082","102169","13296","1799","6161","101","4131","537522","6819","102430","2223","169326","4596","87568","11207","306","rootkit"
"3339","13804","1753","298","733","19","577","71553","927","15460","398","24678","719","12869","1620","38","rootkit"
"926148","6969523","143232","38814","123844","16571","58429","35000000","232622","7819674","36713","12000000","72558","7227414","336652","39737","rootkit"
"1021836","7988914","135168","33865","105307","16068","52306","40000000","166390","5593801","26146","8456457","50232","5206302","239608","28813","rootkit"
"1014467","7940387","137407","34422","106135","17381","53738","40000000","188638","6329096","29199","9563696","54994","5924175","272755","33045","rootkit"
"1007603","7914982","144197","33767","107243","19897","55444","40000000","191317","6682351","33124","10000000","59696","6384272","289434","35722","rootkit"
"997105","8043547","141967","33276","115846","18745","53592","41000000","185315","6695724","33528","10000000","61721","6496171","290365","35344","rootkit"
"1008180","8317586","143978","34241","122048","19012","54717","43000000","147370","5566662","27267","8371100","50122","5272689","236470","27330","rootkit"
"1005901","8573443","143128","34520","123466","18871","54700","44000000","154038","6000874","29024","8968529","52526","5570695","250932","28216","rootkit"
"1004855","8734077","143975","34652","124640","18887","54749","45000000","157496","6470659","30189","9564245","53952","5826010","264844","29367","rootkit"
"998779","29000000","476","61","85","5","90","110000000","241","28000000","137","21000000","295","14000000","521","5","trojan"
"998837","29000000","475","61","85","5","90","110000000","241","28000000","136","21000000","294","14000000","521","5","trojan"
"998892","29000000","474","61","85","5","89","110000000","240","28000000","136","21000000","294","14000000","520","5","trojan"
"998946","29000000","472","60","85","5","89","110000000","239","28000000","135","21000000","293","14000000","518","5","trojan"
"998991","29000000","471","60","84","5","89","110000000","238","28000000","135","21000000","292","14000000","517","5","trojan"
"999044","29000000","470","60","84","5","88","110000000","238","28000000","134","21000000","291","14000000","516","5","trojan"
"999080","29000000","469","60","84","5","88","110000000","237","28000000","134","21000000","290","14000000","515","5","trojan"
"999134","29000000","467","59","84","5","88","110000000","236","28000000","133","21000000","289","14000000","514","5","trojan"
"999186","29000000","466","59","84","5","87","110000000","235","28000000","133","21000000","289","14000000","513","5","trojan"
"999231","29000000","465","59","83","5","87","110000000","234","28000000","132","21000000","288","14000000","512","5","trojan"
"999276","29000000","464","59","83","5","87","110000000","235","28000000","133","21000000","289","14000000","513","5","trojan"
"999319","29000000","462","59","83","5","86","110000000","235","28000000","133","21000000","289","14000000","513","5","trojan"
"999290","29000000","461","58","83","5","86","110000000","236","28000000","134","21000000","290","14000000","514","5","trojan"
"999334","29000000","460","58","83","5","86","110000000","236","28000000","135","21000000","291","14000000","515","5","trojan"
"999384","29000000","459","58","83","5","85","110000000","236","28000000","136","21000000","292","14000000","516","5","trojan"
"999425","29000000","458","58","83","5","85","110000000","237","28000000","138","21000000","295","14000000","519","5","trojan"
"999461","29000000","457","58","82","5","85","110000000","237","28000000","137","21000000","294","14000000","518","5","trojan"
"999511","29000000","456","57","82","5","84","110000000","237","28000000","137","21000000","294","14000000","518","5","trojan"
"999560","29000000","455","57","82","5","84","110000000","236","29000000","136","21000000","293","14000000","517","5","trojan"
"999521","29000000","455","57","82","5","85","110000000","236","29000000","136","21000000","293","14000000","517","5","trojan"
"999510","29000000","455","57","82","5","85","110000000","236","29000000","137","21000000","294","14000000","518","5","trojan"
"999559","29000000","454","57","82","5","84","110000000","236","29000000","137","21000000","294","14000000","518","5","trojan"
"999608","29000000","453","57","82","5","84","110000000","236","29000000","136","21000000","293","14000000","517","5","trojan"
"999655","29000000","452","57","82","5","84","110000000","235","29000000","136","21000000","292","14000000","516","5","trojan"
"999701","29000000","451","56","81","5","83","110000000","235","29000000","135","21000000","292","14000000","516","5","trojan"
"999741","29000000","451","57","81","5","84","110000000","235","29000000","135","21000000","292","14000000","516","5","trojan"
"999760","29000000","450","57","81","5","84","110000000","234","29000000","135","21000000","291","14000000","515","5","trojan"
"999798","29000000","449","57","81","5","83","110000000","234","29000000","134","21000000","291","14000000","514","5","trojan"
"999844","29000000","448","56","81","5","83","110000000","233","29000000","134","21000000","290","14000000","514","5","trojan"
"999877","29000000","447","56","81","5","83","110000000","232","29000000","134","21000000","289","14000000","513","5","trojan"
"999922","29000000","446","56","80","5","82","110000000","232","29000000","133","21000000","289","14000000","512","4","trojan"
"999967","29000000","444","56","80","5","82","110000000","231","29000000","133","21000000","288","14000000","511","4","trojan"
"1000004","29000000","443","56","80","5","82","110000000","230","29000000","132","21000000","287","14000000","510","4","trojan"
"999971","29000000","442","55","80","5","82","110000000","230","29000000","132","21000000","287","14000000","510","4","trojan"
"999967","29000000","442","55","80","5","81","110000000","229","29000000","131","21000000","286","14000000","509","4","trojan"
"999995","29000000","441","55","80","5","81","110000000","228","29000000","131","21000000","286","14000000","508","4","trojan"
"1000005","29000000","440","55","80","5","81","110000000","228","29000000","130","21000000","285","14000000","507","4","trojan"
"999936","29000000","439","55","79","5","81","110000000","227","29000000","130","21000000","284","14000000","506","4","trojan"
"999614","29000000","440","56","80","5","82","110000000","227","29000000","130","21000000","284","14000000","506","4","trojan"
"999224","29000000","442","56","80","5","83","110000000","227","29000000","129","21000000","283","14000000","506","4","trojan"
"999223","29000000","443","57","79","5","84","110000000","227","29000000","130","21000000","284","14000000","506","4","trojan"
"999152","29000000","444","58","79","5","85","110000000","228","29000000","131","21000000","285","14000000","508","4","trojan"
"999186","29000000","445","59","79","5","86","110000000","228","29000000","132","21000000","287","14000000","509","4","trojan"
"999188","29000000","448","59","79","5","87","110000000","229","29000000","133","21000000","288","14000000","510","4","trojan"
"999155","29000000","450","60","80","5","89","110000000","229","29000000","133","21000000","288","14000000","510","4","trojan"
"999160","29000000","452","61","79","5","90","110000000","229","29000000","133","21000000","288","14000000","510","4","trojan"
"999210","29000000","453","62","79","5","92","110000000","229","29000000","134","21000000","289","14000000","511","4","trojan"
"999182","29000000","455","64","79","5","94","110000000","229","29000000","134","21000000","289","14000000","511","4","trojan"
"999189","29000000","457","65","79","5","95","110000000","229","29000000","134","21000000","288","14000000","510","4","trojan"
"999260","29000000","457","65","79","6","96","110000000","228","29000000","133","21000000","287","14000000","509","4","trojan"
"999265","29000000","459","67","79","6","98","110000000","228","29000000","133","21000000","287","14000000","509","4","trojan"
"999277","29000000","459","67","79","6","98","110000000","228","29000000","134","21000000","288","14000000","510","4","trojan"
"999174","29000000","459","68","79","6","99","110000000","228","29000000","133","21000000","287","14000000","509","4","trojan"
"999191","29000000","459","68","79","6","99","110000000","227","29000000","133","21000000","287","14000000","508","4","trojan"
"999203","29000000","458","68","79","6","99","110000000","227","29000000","133","21000000","286","14000000","507","4","trojan"
"999218","29000000","458","68","79","6","99","110000000","227","29000000","133","21000000","286","14000000","507","4","trojan"
"999237","29000000","457","68","79","6","99","110000000","226","29000000","133","21000000","286","14000000","507","4","trojan"
"999265","29000000","456","68","79","6","99","110000000","226","29000000","132","21000000","285","14000000","506","4","trojan"
"999296","29000000","456","68","78","6","98","110000000","226","29000000","133","21000000","286","14000000","506","4","trojan"
"999339","29000000","455","68","78","6","98","110000000","226","29000000","133","21000000","286","14000000","506","4","trojan"
"999369","29000000","454","67","78","6","98","110000000","226","29000000","134","21000000","287","14000000","507","4","trojan"
"999380","29000000","454","67","78","6","98","110000000","226","29000000","134","21000000","287","14000000","507","4","trojan"
"999410","29000000","453","67","78","6","97","110000000","226","29000000","134","21000000","287","14000000","507","4","trojan"
"999429","29000000","452","67","78","6","97","110000000","226","29000000","135","21000000","288","14000000","508","4","trojan"
"999462","29000000","451","67","78","6","97","110000000","226","29000000","135","21000000","288","14000000","508","4","trojan"
"999483","29000000","450","67","78","6","96","110000000","226","29000000","136","21000000","289","14000000","508","4","trojan"
"999515","29000000","449","66","78","6","96","110000000","226","29000000","138","21000000","290","14000000","509","4","trojan"
"999549","29000000","449","66","77","5","96","110000000","226","29000000","138","21000000","290","14000000","510","4","trojan"
"999584","29000000","448","66","77","5","96","110000000","226","29000000","139","21000000","291","14000000","510","4","trojan"
"999623","29000000","447","66","77","5","95","110000000","226","29000000","139","21000000","292","14000000","511","4","trojan"
"999663","29000000","446","66","77","5","95","110000000","227","29000000","140","21000000","293","14000000","511","4","trojan"
"999703","29000000","445","65","77","5","95","110000000","227","29000000","140","21000000","293","14000000","512","4","trojan"
"999742","29000000","444","65","77","5","94","110000000","226","29000000","140","21000000","293","14000000","511","4","trojan"
"999784","29000000","443","65","77","5","94","110000000","226","29000000","140","21000000","292","14000000","511","4","trojan"
"999804","29000000","442","65","77","5","94","110000000","226","29000000","140","21000000","292","14000000","510","4","trojan"
"999838","29000000","442","65","77","5","94","110000000","226","29000000","140","21000000","292","14000000","510","4","trojan"
"999876","29000000","441","65","77","5","94","110000000","227","29000000","140","21000000","293","14000000","511","4","trojan"
"999915","29000000","440","65","76","5","94","110000000","227","29000000","140","21000000","293","14000000","511","4","trojan"
"999892","29000000","440","65","76","5","94","110000000","227","29000000","140","21000000","292","14000000","511","4","trojan"
"999894","29000000","441","65","76","5","94","110000000","226","29000000","140","21000000","291","14000000","510","4","trojan"
"999933","29000000","440","65","76","5","94","110000000","225","29000000","139","21000000","291","14000000","509","4","trojan"
"999970","29000000","439","65","76","5","93","110000000","225","29000000","139","21000000","290","14000000","508","4","trojan"
"1000007","29000000","438","65","76","5","93","110000000","224","29000000","138","21000000","290","14000000","507","4","trojan"
"1000044","29000000","437","64","76","5","93","110000000","224","29000000","138","21000000","289","14000000","506","4","trojan"
"1000071","29000000","436","64","76","5","93","110000000","223","29000000","137","21000000","288","14000000","505","4","trojan"
"1000084","29000000","436","64","76","5","92","110000000","223","29000000","137","21000000","287","14000000","505","4","trojan"
"1000121","29000000","435","64","76","5","92","110000000","222","29000000","137","21000000","287","14000000","504","4","trojan"
"1000113","29000000","434","64","75","5","92","110000000","221","29000000","136","21000000","286","14000000","503","4","trojan"
"1000149","29000000","433","63","75","5","92","110000000","221","29000000","136","21000000","286","14000000","502","4","trojan"
"1000184","29000000","432","63","75","5","91","110000000","221","29000000","135","21000000","285","14000000","502","4","trojan"
"1000220","29000000","431","63","75","5","91","110000000","220","29000000","135","21000000","285","14000000","501","4","trojan"
"1000254","29000000","430","63","75","5","91","110000000","220","29000000","135","21000000","285","14000000","502","4","trojan"
"1000270","29000000","429","63","75","5","91","110000000","219","29000000","135","21000000","284","14000000","501","4","trojan"
"1000298","29000000","429","63","75","5","90","110000000","219","29000000","135","21000000","284","14000000","500","4","trojan"
"1000322","29000000","428","62","75","5","90","110000000","218","29000000","134","21000000","283","14000000","499","4","trojan"
"1000357","29000000","427","62","74","5","90","110000000","218","29000000","134","21000000","282","14000000","499","4","trojan"
"1000391","29000000","426","62","74","5","90","110000000","217","29000000","133","21000000","282","14000000","498","4","trojan"
"1000419","29000000","426","62","74","5","89","110000000","217","29000000","133","21000000","281","14000000","497","4","trojan"
"1000446","29000000","425","62","74","5","89","110000000","216","29000000","133","21000000","281","14000000","497","4","trojan"
"1000479","29000000","424","62","74","5","89","110000000","216","29000000","132","21000000","280","14000000","496","4","trojan"
"1000513","29000000","424","62","74","5","89","110000000","215","29000000","132","21000000","280","14000000","495","4","trojan"
"51466","245302","32888","2751","12563","231","6776","1263805","7301","113696","2179","189768","4914","100074","11476","230","virus"
"8885","40987","6405","431","1602","11","1078","224214","2913","40911","694","64076","1600","38888","3697","87","virus"
"17854","101491","7878","611","2776","119","1545","556994","3919","100236","661","160747","2083","100703","5297","87","virus"
"35747","156848","21623","2695","8710","308","5967","826590","10725","157194","3058","254175","7211","141708","16693","303","virus"
"5164","22944","3054","469","1146","50","914","119502","1434","23119","527","36405","1082","20310","2404","38","virus"
"22656","96951","15466","1745","4773","51","3676","501421","8228","98242","2464","147875","5698","83049","11344","325","virus"
"19339","70819","15527","1387","3616","106","2980","383204","8068","60762","1154","92651","4011","67145","10013","308","virus"
"4445","16416","3558","330","793","27","744","84849","4159","39765","1157","60192","2833","41404","5963","149","virus"
"5721","22015","4211","560","1012","49","1087","112705","1231","12273","378","18482","884","12555","1773","41","virus"
"29614","130761","16361","1937","5677","233","4518","692367","8924","131785","1986","208210","5218","119986","10987","193","virus"
"35288","165109","21794","2655","6792","208","5355","870117","11537","161154","2910","247050","7221","143371","15371","300","virus"
"62792","271466","48231","5648","13456","849","10504","1400157","96752","2978974","72736","261896","203503","3672220","19033","969","virus"
"25424","113867","21326","3238","6621","454","4986","591901","69311","2461807","40795","167668","120974","2344235","12904","676","virus"
"37467","170723","19274","2148","6610","270","5250","997305","10268","171685","2238","300831","5921","161833","12921","318","virus"
"29335","124072","21875","2172","5543","261","4321","646581","56638","2965751","30869","284287","88729","1674901","21675","898","virus"
"6473","25904","5535","502","1261","15","1075","141957","2512","26088","416","38944","1393","27729","3629","34","virus"
"1044","3773","920","93","188","6","189","20901","456","4274","100","6417","281","4504","621","6","virus"
"54327","247834","38285","4257","12348","712","8373","1276054","57459","2582230","31677","397033","93552","1738898","23908","710","virus"
"32389","150507","21039","2297","7555","181","5020","779431","9201","151443","2268","244297","7238","133007","17729","366","virus"
"19066","79938","11989","1490","4145","43","3206","423808","6175","80561","1793","125041","4197","75294","9732","210","virus"
"2918","12260","1769","283","568","13","523","64323","1137","16405","438","24847","895","14796","1904","36","virus"
"378569","11000000","38764","3006","9854","297","6244","24000000","37998","31000000","9961","13000000","26835","405571","14547","1226","virus"
"24386","105408","17862","1792","5379","84","4217","545133","8946","106373","2035","161049","5735","90238","11330","361","virus"
"63939","325471","39002","3355","16490","239","8197","1660749","18877","322691","3073","504355","12821","257365","30411","846","virus"
"18767","77729","18397","2488","5186","550","3661","414567","4751","51473","739","81194","2623","54642","6568","132","virus"
"14519","58222","9814","725","2598","211","2274","320985","6030","58389","998","91979","2370","58485","5335","28","virus"
"53901","248488","39521","4483","12610","754","8571","1282962","10080","152737","2610","246261","7787","134040","18393","473","virus"
"13824","59431","10302","639","2976","196","2088","326314","5708","59264","769","92962","2223","59117","4919","38","virus"
"17381","101156","7610","640","2666","145","1584","555391","4407","102678","755","164265","2457","102932","5886","165","virus"
"38602","160758","19174","2309","6232","261","5443","998039","10528","159582","3759","301297","6503","159488","13153","309","virus"
"17192","100605","7540","675","2574","168","1620","552078","4616","103355","823","165689","2713","103739","6461","197","virus"
"20670","90319","19187","2205","4880","410","3935","483502","84676","2875755","87245","1403888","209986","3575347","145663","869","virus"
"21486","98014","12838","1637","4415","54","3326","506713","12637","153679","5017","242878","7643","127105","15611","500","virus"
"9196","36727","7595","592","2158","39","1675","197870","3526","36333","483","54874","2053","38315","5187","73","virus"
"1321","5035","1053","113","277","9","257","27209","707","7394","153","11125","447","7571","1006","18","virus"
"23889","105686","21685","2554","6416","384","4934","544173","74979","2922200","40738","170909","122953","2328772","14361","1482","virus"
"13865","58683","9577","630","2714","209","2039","323859","5324","59776","899","95009","2299","60429","4994","51","virus"
"36733","141507","18723","2348","6386","292","5696","738905","10104","146845","3311","225358","6444","130929","13083","300","virus"
"9291","36671","8370","607","2324","30","1846","197686","3630","37370","689","56361","2288","39192","5642","82","virus"
"1303","4872","1150","108","301","8","266","26209","733","7496","182","11307","502","7692","1099","15","virus"
"904698","26000000","19857","2939","5301","213","5398","52000000","41799","26000000","13548","13000000","32641","494609","13510","1005","virus"
"17311","99206","7444","625","2640","163","1599","544667","3823","98999","599","158527","2054","99716","5063","81","virus"
"509327","4413487","254515","17590","59711","2169","28752","22000000","117248","5232467","15702","7953088","65515","4073970","306241","16468","virus"
"287214","2539102","133893","9876","31981","1196","16238","12000000","61928","2638070","10186","4279005","35828","2228051","158470","8270","virus"
"13679","58703","9697","667","2754","223","2135","323891","5440","58679","679","92397","2231","58895","5001","19","virus"
"24405","98115","18677","2543","5152","245","3978","509300","6816","87496","1613","133806","4519","80197","10325","241","virus"
"92606","481743","68980","4134","21467","435","7572","2421357","26385","479826","4482","672300","22203","371928","55771","981","virus"
"51166","250252","32529","2871","12139","194","6911","1286849","7548","112182","2417","187356","4987","98933","11514","242","virus"
"22864","98725","16440","1752","4645","62","3665","509599","8752","105101","2623","158034","6406","88323","11811","276","virus"
"28115","114436","14809","2307","6978","83","4840","602883","7484","115967","2234","193423","5126","102117","12007","345","virus"
"4156","17280","2181","418","928","20","766","89546","1032","17622","426","28301","831","15048","1806","45","virus"
"11797","52991","8841","622","1882","66","1463","286946","89586","2890326","103669","86742","221397","3593128","7576","834","virus"
"106932","561513","70569","8284","19082","1607","14916","2982771","20745","352903","4449","563594","13491","324980","32559","837","virus"
"31699","137348","25065","3611","8064","554","5835","714089","7282","103671","1744","158679","5252","95179","12760","213","virus"
"58290","307470","30204","4532","11708","525","9226","1586640","15800","310008","4550","489653","11525","269029","27858","684","virus"
"41456","167485","22240","2833","6690","292","6143","1023562","5115","80576","1205","150186","3390","80174","6967","158","virus"
"52646","248784","33559","2866","12588","293","6071","1281286","15853","246495","2547","380158","9997","201522","23144","611","virus"
"22792","97194","15909","1576","4528","115","3349","503633","6953","96654","1611","149542","5100","90974","12340","365","virus"
"32118","133353","27981","3493","8423","633","5434","692301","10201","154636","2559","206800","7459","144644","14870","287","virus"
"31124","134438","26340","3418","8205","558","5359","698469","10622","155224","2730","203248","7479","144525","14597","454","virus"
"38806","169802","19392","2340","6564","300","5638","1012432","11448","182036","3080","323977","7685","173789","15299","267","virus"
"36956","159425","18700","2155","6310","265","5074","980413","10320","160223","2421","298087","6485","158484","13503","224","virus"
"247380","1229999","131562","8942","20561","4482","16234","6342786","21366","619397","7688","1054351","28895","810370","128069","751","virus"
"901854","6916756","173650","42607","111261","21541","69245","36000000","189645","8666988","53384","10000000","92493","8289533","332097","26724","virus"
"960358","7671110","179831","40778","106706","23209","67832","40000000","176490","8409186","47887","13000000","87418","8289346","422054","25966","virus"
"971343","7796175","181929","40319","100184","23671","67029","41000000","171845","8266559","46216","13000000","84295","8280844","424465","25999","virus"
"978709","7861682","181854","40010","97251","23919","66499","41000000","170000","8184424","45575","13000000","83443","8247094","424101","25891","virus"
"983653","7946564","179184","40170","95314","23983","66465","41000000","168519","8151978","45074","13000000","82787","8224593","424108","25776","virus"
"986564","7957284","178083","40569","94706","24450","67085","42000000","166418","7993322","45473","12000000","82374","8132556","418384","25641","virus"
"989360","7982702","177765","40108","96682","24598","66766","42000000","169003","7953585","45414","12000000","81501","8140824","416418","25908","virus"
"988217","8070318","178529","40367","99453","24678","67100","42000000","165736","8018770","45878","12000000","81567","8163108","409459","25445","virus"
"989430","8309825","174820","42386","98479","24728","69091","44000000","150724","7254600","41622","11000000","73891","7375846","370394","22961","virus"
"987178","8450567","173222","43056","100874","24481","69464","44000000","125931","6013042","34684","9229796","61622","6108254","307342","19038","virus"
"990619","8600034","172938","43764","102632","24305","69905","45000000","77702","3737501","21662","5732499","38256","3789009","190017","11760","virus"
"991637","8757305","171487","43496","103940","24170","69479","46000000","74034","3545319","20591","5437686","36440","3594023","180436","11163","virus"
"994829","8968723","169590","43212","105419","24157","69157","47000000","60184","3074703","17910","4654680","30648","3021498","148824","9036","virus"
"995157","9134043","168145","42863","105613","24121","68716","48000000","63460","3334885","19186","5020518","32460","3225233","156409","9393","virus"
"994306","9251186","166582","42470","106271","24036","68182","48000000","66400","3469085","19654","5212194","33270","3329779","161826","9621","virus"
"995384","9368218","165457","42207","107183","23990","67832","49000000","70033","3698681","20460","5531965","34533","3502190","169361","9966","virus"
"995898","9442066","165116","41823","107857","23835","67259","49000000","72333","3950221","21199","5866899","35573","3667723","176194","10214","virus"
"991320","9468860","163631","41420","108051","23693","66704","49000000","74473","4189777","21934","6186185","36587","3827638","182069","10456","virus"
"991196","9466544","163965","41374","109259","23707","66672","49000000","76634","4411162","22604","6483677","37564","3976979","187524","10686","virus"
"994858","9489489","164276","41657","110732","23945","67193","49000000","78461","4618000","23255","6760626","38453","4117406","192890","10901","virus"
"995235","9480289","165040","41682","111279","24074","67330","49000000","81990","4803472","23710","7018242","39371","4252593","199820","11232","virus"
"995484","9478936","164970","41760","111944","24284","67589","49000000","84053","4977244","24166","7254591","40110","4374167","204825","11446","virus"
"993990","9468210","164464","41742","112305","24332","67574","49000000","86579","5121884","24697","7464144","40963","4494938","210149","11721","virus"
"992291","9436733","164402","41586","112301","24206","67252","49000000","88373","5246926","25294","7652015","41796","4610927","214310","11981","virus"
"956650","9094400","158638","40129","108271","23315","64863","47000000","90854","5359237","25812","7824037","42748","4718430","219361","12245","virus"
"31803","140749","25833","3499","8233","662","5989","730672","69789","1931127","45818","159520","123845","2294554","12609","743","virus"
"19528","101347","7746","631","2588","179","1585","556447","4410","102287","843","163669","2504","102608","5642","97","virus"
"39263","170007","19141","2275","6457","267","5358","1012901","11286","174374","2408","312731","6533","166880","13633","300","virus"
"26871","114335","24610","3492","7006","470","4840","591229","8094","1570478","2095","143973","5739","98514","11402","775","virus"
"64550","338727","35368","3914","13494","393","8409","1749902","20719","339186","4478","539686","12467","304295","29490","1121","virus"
"33138","156762","16194","2305","5757","266","4495","830543","8660","155561","2377","242456","5539","142367","13029","313","virus"
"22941","95077","15961","1699","4774","68","3659","491900","7892","94953","1802","142908","5068","79632","10265","256","virus"
"23676","99100","15793","1946","4606","82","4086","511852","11794","102993","2831","155600","7397","87117","13973","850","virus"
"7799","29286","6976","868","1507","20","1458","159534","3233","29821","1197","19499","2588","31465","2133","49","virus"
"1128","3940","970","139","201","7","220","21577","486","4518","192","22228","395","4700","2561","7","virus"
"31919","139959","18408","2227","6041","265","5311","731561","9854","139894","2197","215481","5775","124947","12429","303","virus"
"17138","98615","7918","575","2650","118","1496","541535","5023","104398","815","167293","3220","105539","6565","113","virus"
"673890","4121727","338213","77995","35958","13398","100282","23000000","157643","4134504","76811","5619778","182792","4384067","405475","2176","virus"
